type,scaffold,L1,L2,n_pairs,both_correct,both_incorrect,b_L1_correct_L2_incorrect,c_L1_incorrect_L2_correct,chi2_cc,p_value,acc_L1,acc_L2,acc_diff
adjacent,light,1,3,19,8,5,3,3,0.16666666666666666,0.6830913983096087,0.5789473684210527,0.5789473684210527,0.0
adjacent,light,3,6,20,10,8,1,1,0.5,0.4795001221869535,0.55,0.55,0.0
adjacent,light,6,9,20,9,9,2,0,0.5,0.4795001221869535,0.55,0.45,-0.10000000000000003
adjacent,light,9,12,20,9,10,0,1,0.0,1.0,0.45,0.5,0.04999999999999999
adjacent,rich,1,3,1,0,1,0,0,0.0,1.0,0.0,0.0,0.0
adjacent,rich,3,6,20,13,7,0,0,0.0,1.0,0.65,0.65,0.0
adjacent,rich,6,9,20,13,6,0,1,0.0,1.0,0.65,0.7,0.04999999999999993
adjacent,rich,9,12,20,13,6,1,0,0.0,1.0,0.7,0.65,-0.04999999999999993
