scaffold,N,compliance_rate,compliance_ci_low,compliance_ci_high,acc_strict,acc_strict_ci_low,acc_strict_ci_high,mean_time_s,mean_words
light,99,0.9696969696969697,0.9146617688347427,0.9896415481109291,0.5252525252525253,0.42779134155248744,0.6208271163478176,94.44723232323233,14.787878787878787
rich,81,0.9506172839506173,0.8797959524607503,0.9806310078983188,0.654320987654321,0.5458917196718802,0.7487750475743764,107.81153086419754,10.45679012345679
