scaffold,L_a,L_b,n_paired,b_a_correct_b_incorrect,c_a_incorrect_b_correct,chi2_cc,p_value,stars
misleading,6,11,999,63,25,15.556818181818182,0.00041867772325303006,***
misleading,11,16,999,31,16,4.170212765957447,0.12429389670744752,
misleading,16,21,999,12,18,0.8333333333333334,0.6592406302004438,
