scaffold,L,N,compliance_rate,compliance_ci_low,compliance_ci_high,acc_strict,acc_strict_ci_low,acc_strict_ci_high
misleading,6,999,0.5365365365365365,0.5055326068939934,0.5672605440881757,0.14314314314314314,0.12279108809054759,0.1662292317685408
misleading,11,999,0.33233233233233234,0.3038129933141016,0.36213624532936906,0.10510510510510511,0.08757583400026635,0.12565983552122137
misleading,16,999,0.32232232232232233,0.29406839549710684,0.35193751411015306,0.09009009009009009,0.07387033612279909,0.10945033984437258
misleading,21,999,0.36036036036036034,0.33117544118678766,0.39061511875807287,0.0960960960960961,0.07933661399936628,0.11595005938953179
