scaffold,L,N,coverage,idk_rate,answered_acc,overall_acc_idk_wrong
misleading,6,999,0.5355355355355356,0.46146146146146144,0.26542056074766357,0.14214214214214213
misleading,11,999,0.33233233233233234,0.6676676676676677,0.31626506024096385,0.10510510510510511
misleading,16,999,0.32232232232232233,0.6736736736736737,0.2795031055900621,0.09009009009009009
misleading,21,999,0.36036036036036034,0.6346346346346347,0.26666666666666666,0.0960960960960961
