scaffold,L,N,coverage,idk_rate,answered_acc,overall_acc_idk_wrong
misleading,6,999,0.5625625625625625,0.43743743743743746,0.5088967971530249,0.2862862862862863
misleading,11,999,0.6636636636636637,0.33633633633633636,0.6153846153846154,0.4084084084084084
misleading,16,999,0.6966966966966966,0.3033033033033033,0.625,0.43543543543543545
misleading,21,999,0.7047047047047047,0.2952952952952953,0.6505681818181818,0.45845845845845845
