scaffold,L,N,coverage,idk_rate,answered_acc,overall_acc_idk_wrong
misleading,6,1002,0.5469061876247505,0.45209580838323354,0.4726277372262774,0.25848303393213573
