scaffold,L,N,compliance_rate,compliance_ci_low,compliance_ci_high,acc_strict,acc_strict_ci_low,acc_strict_ci_high
misleading,6,1002,0.5469061876247505,0.5159625916570257,0.5774914869971083,0.25848303393213573,0.2323334727826969,0.28647744138112374
