scaffold,L,N,coverage,idk_rate,answered_acc,overall_acc_idk_wrong
underspecified,6,999,0.2962962962962963,0.6996996996996997,0.43243243243243246,0.12812812812812813
underspecified,11,999,0.2862862862862863,0.7127127127127127,0.3951048951048951,0.11311311311311312
underspecified,16,999,0.25425425425425424,0.7457457457457457,0.36220472440944884,0.0920920920920921
underspecified,21,999,0.20520520520520522,0.7887887887887888,0.33658536585365856,0.06906906906906907
