scaffold,L,N,coverage,idk_rate,answered_acc,overall_acc_idk_wrong
meta,6,999,0.1961961961961962,0.7927927927927928,0.061224489795918366,0.012012012012012012
meta,11,999,0.13513513513513514,0.8458458458458459,0.014814814814814815,0.002002002002002002
meta,16,999,0.07707707707707707,0.8778778778778779,0.03896103896103896,0.003003003003003003
meta,21,999,0.04004004004004004,0.8898898898898899,0.025,0.001001001001001001
