scaffold,L_a,L_b,n_both_answered,b_a_correct_b_incorrect,c_a_incorrect_b_correct,chi2_cc,p_value,stars
misleading,6,11,777,24,17,0.8780487804878049,0.6446650559001005,
misleading,11,16,781,20,9,3.4482758620689653,0.17832671545615317,
misleading,16,21,771,4,17,6.857142857142857,0.032433240894795524,*
