scaffold,L,N,coverage,idk_rate,answered_acc,overall_acc_idk_wrong
misleading,6,999,0.8078078078078078,0.1921921921921922,0.6517967781908303,0.5265265265265265
misleading,11,999,0.8068068068068068,0.1921921921921922,0.6513647642679901,0.5255255255255256
misleading,16,999,0.8028028028028028,0.1961961961961962,0.6309226932668329,0.5065065065065065
misleading,21,999,0.7787787787787788,0.22122122122122123,0.6491002570694088,0.5055055055055055
