scaffold,L_a,L_b,n_paired,b_a_correct_b_incorrect,c_a_incorrect_b_correct,chi2_cc,p_value,stars
semantic,6,11,2865,207,145,10.571022727272727,0.005064441754538698,**
semantic,11,16,2865,135,142,0.1299638989169675,0.9370843781052142,
semantic,16,21,2865,107,115,0.22072072072072071,0.8955113703440498,
