scaffold,L_a,L_b,n_both_answered,b_a_correct_b_incorrect,c_a_incorrect_b_correct,chi2_cc,p_value,stars
semantic,6,11,2549,166,109,11.403636363636364,0.0033398874110833424,**
semantic,11,16,2562,107,110,0.018433179723502304,0.9908257527180082,
semantic,16,21,2582,85,94,0.3575418994413408,0.8362974316212589,
