scaffold,L,N,coverage,idk_rate,answered_acc,overall_acc_idk_wrong
semantic,6,2865,0.9148342059336824,0.08516579406631762,0.7340709652804274,0.6715532286212914
semantic,11,2865,0.9130890052356021,0.08691099476439791,0.7117737003058104,0.649912739965096
semantic,16,2865,0.9172774869109948,0.08272251308900523,0.7111872146118722,0.6523560209424084
semantic,21,2865,0.9179755671902269,0.08202443280977312,0.7136882129277566,0.6551483420593368
