scaffold,L,N,coverage,idk_rate,answered_acc,overall_acc_idk_wrong
baseline,1,2865,0.5521815008726003,0.4198952879581152,0.7888748419721872,0.4356020942408377
