scaffold,L,N,coverage,idk_rate,answered_acc,overall_acc_idk_wrong
underspecified,6,999,0.8228228228228228,0.17717717717717718,0.708029197080292,0.5825825825825826
underspecified,11,999,0.8118118118118118,0.18618618618618618,0.7287299630086314,0.5915915915915916
underspecified,16,999,0.7957957957957958,0.2022022022022022,0.7069182389937106,0.5625625625625625
underspecified,21,999,0.7817817817817818,0.2172172172172172,0.6978233034571063,0.5455455455455456
