scaffold,L,N,compliance_rate,compliance_ci_low,compliance_ci_high,acc_strict,acc_strict_ci_low,acc_strict_ci_high
underspecified,6,999,0.8228228228228228,0.7979220380876689,0.8452503233301262,0.5825825825825826,0.5517432292703512,0.612789235278387
underspecified,11,999,0.8118118118118118,0.7863963254647562,0.8348383740132072,0.5915915915915916,0.5608159735867314,0.6216654870945965
underspecified,16,999,0.7957957957957958,0.7696868254825995,0.8196385475374268,0.5625625625625625,0.5316187928385087,0.5930270136378081
underspecified,21,999,0.7817817817817818,0.755115614463956,0.8062890979053753,0.5455455455455456,0.5145528536394469,0.5761892934753118
