scaffold,L_a,L_b,n_paired,b_a_correct_b_incorrect,c_a_incorrect_b_correct,chi2_cc,p_value,stars
semantic,6,11,1002,42,97,20.97841726618705,2.7835214420379808e-05,***
semantic,11,16,1002,39,54,2.10752688172043,0.348623254151126,
semantic,16,21,1002,45,40,0.18823529411764706,0.9101756764503792,
