scaffold,L,N,compliance_rate,compliance_ci_low,compliance_ci_high,acc_strict,acc_strict_ci_low,acc_strict_ci_high
semantic,6,1002,0.8662674650698603,0.8437874442648164,0.885949723098315,0.5389221556886228,0.5079667086685337,0.5695802927678754
semantic,11,1002,0.9191616766467066,0.9006389155081637,0.9344826384223955,0.593812375249501,0.5631005280909955,0.6238076292172725
semantic,16,1002,0.9191616766467066,0.9006389155081637,0.9344826384223955,0.6087824351297405,0.5782040904067833,0.638529836684719
semantic,21,1002,0.9141716566866267,0.8952067581027583,0.9299728725667227,0.6037924151696606,0.5731663018773725,0.6336257019530516
