scaffold,L,N,coverage,idk_rate,answered_acc,overall_acc_idk_wrong
semantic,6,1002,0.8662674650698603,0.13373253493013973,0.6221198156682027,0.5389221556886228
semantic,11,1002,0.9191616766467066,0.08083832335329341,0.6460369163952225,0.593812375249501
semantic,16,1002,0.9191616766467066,0.08083832335329341,0.6623235613463626,0.6087824351297405
semantic,21,1002,0.9141716566866267,0.08582834331337326,0.6604803493449781,0.6037924151696606
