scaffold,L,N,coverage,idk_rate,answered_acc,overall_acc_idk_wrong
misleading,6,1002,0.8173652694610778,0.18163672654690619,0.568986568986569,0.46506986027944114
