scaffold,L_a,L_b,n_paired,b_a_correct_b_incorrect,c_a_incorrect_b_correct,chi2_cc,p_value,stars
meta,6,11,1002,139,9,112.4391891891892,3.8383121674859773e-25,***
meta,11,16,1002,0,230,228.00434782608696,3.0866326415053174e-50,***
meta,16,21,1002,17,148,102.42424242424242,5.739292395814381e-23,***
