scaffold,L_a,L_b,n_both_answered,b_a_correct_b_incorrect,c_a_incorrect_b_correct,chi2_cc,p_value,stars
meta,11,16,670,1,32,27.272727272727273,1.1961964783592705e-06,***
meta,16,21,769,5,13,2.7222222222222223,0.25637575668641227,
