scaffold,L_a,L_b,n_both_answered,b_a_correct_b_incorrect,c_a_incorrect_b_correct,chi2_cc,p_value,stars
meta,6,11,2100,71,44,5.878260869565217,0.05291171893009089,
meta,11,16,2101,65,27,14.880434782608695,0.0005871575407271163,***
meta,16,21,2694,40,72,8.580357142857142,0.013702478207772779,*
