scaffold,L_a,L_b,n_both_answered,b_a_correct_b_incorrect,c_a_incorrect_b_correct,chi2_cc,p_value,stars
meta,6,11,432,12,8,0.45,0.7985162187593771,
meta,11,16,419,0,32,30.03125,3.0115974460573396e-07,***
meta,16,21,624,15,4,5.2631578947368425,0.07196474394172296,
