scaffold,L,N,compliance_rate,compliance_ci_low,compliance_ci_high,acc_strict,acc_strict_ci_low,acc_strict_ci_high
meta,6,1002,0.6726546906187625,0.6429882819370224,0.7010022628962794,0.3313373253493014,0.3028852845509278,0.3610777092246329
meta,11,1002,0.4351297405189621,0.40473746698206214,0.4660175306239227,0.20159680638722555,0.17791644960540545,0.22755653938212497
meta,16,1002,0.624750499001996,0.594347281509624,0.654200800017328,0.4311377245508982,0.40079386160186214,0.4620075973952603
meta,21,1002,0.8233532934131736,0.7985171968600568,0.8457194304578031,0.56187624750499,0.530976340596822,0.5923035078405463
