scaffold,L,N,compliance_rate,compliance_ci_low,compliance_ci_high,acc_strict,acc_strict_ci_low,acc_strict_ci_high
meta,11,999,0.6966966966966966,0.667482047841215,0.7244043677203252,0.43043043043043044,0.4000504095845422,0.46134345361379336
meta,16,999,0.7697697697697697,0.7426602480629584,0.7948124694629201,0.5545545545545546,0.5235832348548176,0.5851079083925309
meta,21,999,0.8788788788788788,0.8571817835905597,0.8976732204300153,0.6546546546546547,0.6246274351367747,0.6834969984726806
