scaffold,L,N,compliance_rate,compliance_ci_low,compliance_ci_high,acc_strict,acc_strict_ci_low,acc_strict_ci_high
meta,6,2865,0.9462478184991274,0.9373758156704308,0.953924700886496,0.6174520069808028,0.599509301104542,0.6350801582786461
meta,11,2865,0.7333333333333333,0.7168356546199051,0.7492061094147491,0.4924956369982548,0.4742110430584238,0.5108003287789059
meta,16,2865,0.9417102966841187,0.932524949022773,0.9497126760869578,0.5766143106457242,0.5584307961544808,0.5945926402039434
meta,21,2865,0.9633507853403142,0.9558265199789215,0.9696341258789747,0.5989528795811518,0.5808850730781958,0.6167556750202701
