scaffold,L,N,coverage,idk_rate,answered_acc,overall_acc_idk_wrong
meta,11,999,0.6966966966966966,0.3013013013013013,0.617816091954023,0.43043043043043044
meta,16,999,0.7697697697697697,0.23023023023023023,0.7204161248374512,0.5545545545545546
meta,21,999,0.8788788788788788,0.12112112112112113,0.744874715261959,0.6546546546546547
