scaffold,L,N,coverage,idk_rate,answered_acc,overall_acc_idk_wrong
meta,6,2865,0.9462478184991274,0.04851657940663176,0.6525267428992991,0.6174520069808028
meta,11,2865,0.7333333333333333,0.2579406631762653,0.6715849595430747,0.4924956369982548
meta,16,2865,0.9417102966841187,0.05759162303664921,0.6123054114158636,0.5766143106457242
meta,21,2865,0.9633507853403142,0.03664921465968586,0.6217391304347826,0.5989528795811518
