scaffold,L,N,coverage,idk_rate,answered_acc,overall_acc_idk_wrong
meta,6,1002,0.6726546906187625,0.3273453093812375,0.49258160237388726,0.3313373253493014
meta,11,1002,0.4351297405189621,0.56187624750499,0.463302752293578,0.20159680638722555
meta,16,1002,0.624750499001996,0.37524950099800397,0.6900958466453674,0.4311377245508982
meta,21,1002,0.8233532934131736,0.17664670658682635,0.6824242424242424,0.56187624750499
