scaffold,L_a,L_b,n_both_answered,b_a_correct_b_incorrect,c_a_incorrect_b_correct,chi2_cc,p_value,stars
underspecified,6,11,909,8,42,21.78,1.864374233151682e-05,***
underspecified,11,16,927,15,13,0.03571428571428571,0.9823013510997377,
underspecified,16,21,924,12,15,0.14814814814814814,0.9286029058931803,
