scaffold,L,N,coverage,idk_rate,answered_acc,overall_acc_idk_wrong
underspecified,6,1002,0.9151696606786427,0.08483033932135728,0.6684841875681571,0.6117764471057884
underspecified,11,1002,0.9341317365269461,0.0658682634730539,0.7126068376068376,0.6656686626746507
underspecified,16,1002,0.9291417165668663,0.07085828343313373,0.7078410311493019,0.6576846307385229
underspecified,21,1002,0.9311377245508982,0.0688622754491018,0.7138263665594855,0.6646706586826348
