scaffold,L,N,compliance_rate,compliance_ci_low,compliance_ci_high,acc_strict,acc_strict_ci_low,acc_strict_ci_high
underspecified,6,1002,0.9151696606786427,0.8962917672006002,0.9308762481210965,0.6117764471057884,0.5812283443613488,0.6414707366868002
underspecified,11,1002,0.9341317365269461,0.9170545605275219,0.9478927631862716,0.6656686626746507,0.6358743409747907,0.6941975112930019
underspecified,16,1002,0.9291417165668663,0.9115609814134001,0.9434444190393153,0.6576846307385229,0.6277528715360455,0.6864119035140218
underspecified,21,1002,0.9311377245508982,0.9137556074240112,0.9452265623331353,0.6646706586826348,0.634858649956192,0.6932248176593848
