scaffold,L,N,coverage,idk_rate,answered_acc,overall_acc_idk_wrong
semantic,6,999,0.5775775775775776,0.4184184184184184,0.5181975736568457,0.2992992992992993
semantic,11,999,0.46646646646646645,0.5295295295295295,0.47639484978540775,0.2222222222222222
semantic,16,999,0.4364364364364364,0.5585585585585585,0.45642201834862384,0.1991991991991992
semantic,21,999,0.4094094094094094,0.5855855855855856,0.4400977995110024,0.18018018018018017
