scaffold,L,N,coverage,idk_rate,answered_acc,overall_acc_idk_wrong
underspecified,6,1002,0.9161676646706587,0.08283433133732535,0.616557734204793,0.564870259481038
underspecified,11,1002,0.9241516966067864,0.07584830339321358,0.6760259179265659,0.624750499001996
underspecified,16,1002,0.9261477045908184,0.07385229540918163,0.6724137931034483,0.6227544910179641
underspecified,21,1002,0.9281437125748503,0.0718562874251497,0.6806451612903226,0.6317365269461078
