scaffold,L_a,L_b,n_paired,b_a_correct_b_incorrect,c_a_incorrect_b_correct,chi2_cc,p_value,stars
semantic,6,11,999,43,80,10.536585365853659,0.005152399848084125,**
semantic,11,16,999,57,39,3.0104166666666665,0.22197104504681683,
semantic,16,21,999,52,45,0.3711340206185567,0.8306331727301495,
