scaffold,L,N,coverage,idk_rate,answered_acc,overall_acc_idk_wrong
semantic,6,999,0.8648648648648649,0.13413413413413414,0.7627314814814815,0.6596596596596597
semantic,11,999,0.8918918918918919,0.10810810810810811,0.7811447811447811,0.6966966966966966
semantic,16,999,0.8758758758758759,0.12412412412412413,0.7748571428571429,0.6786786786786787
semantic,21,999,0.8578578578578578,0.14214214214214213,0.7829638273045507,0.6716716716716716
