scaffold,L,N,compliance_rate,compliance_ci_low,compliance_ci_high,acc_strict,acc_strict_ci_low,acc_strict_ci_high
semantic,6,999,0.8648648648648649,0.8422619111742026,0.8846724321956777,0.6596596596596597,0.629715418969336,0.6883806791582247
semantic,11,999,0.8918918918918919,0.8711133725212359,0.9096679592464132,0.6966966966966966,0.667482047841215,0.7244043677203252
semantic,16,999,0.8758758758758759,0.8539777943483994,0.8948942109613126,0.6786786786786787,0.649083184498905,0.706905238797456
semantic,21,999,0.8578578578578578,0.8348308764130625,0.87814313663147,0.6716716716716716,0.6419414560236646,0.700086636947349
