scaffold,L_a,L_b,n_paired,b_a_correct_b_incorrect,c_a_incorrect_b_correct,chi2_cc,p_value,stars
meta,6,11,2865,402,44,285.76008968609864,8.871252703234435e-63,***
meta,11,16,2865,65,306,155.25606469002696,1.9345230625222767e-34,***
meta,16,21,2865,42,106,26.81756756756757,1.5018936934616855e-06,***
