scaffold,L_a,L_b,n_paired,b_a_correct_b_incorrect,c_a_incorrect_b_correct,chi2_cc,p_value,stars
meta,6,11,999,267,28,192.0135593220339,2.017369116050185e-42,***
meta,11,16,999,3,388,377.12531969309464,1.283149726279439e-82,***
meta,16,21,999,144,18,96.45061728395062,1.1376654489580528e-21,***
