scaffold,L,N,coverage,idk_rate,answered_acc,overall_acc_idk_wrong
meta,6,999,0.8628628628628628,0.10710710710710711,0.8132250580046404,0.7017017017017017
meta,11,999,0.6886886886886887,0.13813813813813813,0.6715116279069767,0.4624624624624625
meta,16,999,0.9519519519519519,0.03903903903903904,0.8906414300736067,0.8478478478478478
meta,21,999,0.8448448448448449,0.0980980980980981,0.8542654028436019,0.7217217217217218
