scaffold,L,N,compliance_rate,compliance_ci_low,compliance_ci_high,acc_strict,acc_strict_ci_low,acc_strict_ci_high
meta,6,999,0.8628628628628628,0.8401368900189887,0.8828087875436492,0.7017017017017017,0.6726018712027868,0.7292562088768588
meta,11,999,0.6886886886886887,0.6592985677603432,0.7166331845722286,0.4624624624624625,0.4317468736666111,0.49346564244759866
meta,16,999,0.9519519519519519,0.9368710420524443,0.9635702639324689,0.8478478478478478,0.8242455206718929,0.8687851633364289
meta,21,999,0.8448448448448449,0.8210765062864382,0.8659711790110205,0.7217217217217218,0.6931220514330823,0.7486226867189849
