scaffold,L,N,coverage,idk_rate,answered_acc,overall_acc_idk_wrong
memory,6,999,0.8988988988988988,0.1011011011011011,0.5812917594654788,0.5225225225225225
memory,11,999,0.9179179179179179,0.08208208208208208,0.6183206106870229,0.5675675675675675
memory,16,999,0.9019019019019019,0.0980980980980981,0.6293007769145395,0.5675675675675675
memory,21,999,0.8988988988988988,0.1011011011011011,0.6325167037861915,0.5685685685685685
