scaffold,L,N,compliance_rate,compliance_ci_low,compliance_ci_high,acc_strict,acc_strict_ci_low,acc_strict_ci_high
baseline,1,2865,0.5521815008726003,0.5339147039765731,0.5703085476661803,0.4356020942408377,0.41754381285231623,0.4538328431470948
