scaffold,L,N,compliance_rate,compliance_ci_low,compliance_ci_high,acc_strict,acc_strict_ci_low,acc_strict_ci_high
baseline,1,1002,0.9870259481037924,0.9779292318347582,0.992402478446463,0.6097804391217565,0.5792120429637245,0.6395102687799933
