scaffold,L,N,coverage,idk_rate,answered_acc,overall_acc_idk_wrong
baseline,1,1002,0.9870259481037924,0.012974051896207584,0.6177957532861477,0.6097804391217565
