scaffold,L,N,coverage,idk_rate,answered_acc,overall_acc_idk_wrong
baseline,1,999,0.991991991991992,0.008008008008008008,0.5590312815338042,0.5545545545545546
